{
  "waypoint_0_to_1": {
    "waypoints_count": 33,
    "x": [
      11113.075079023527,
      11113.176223468563,
      11113.2773679136,
      11113.378512358639,
      11113.479656803675,
      11113.580801248712,
      11113.681945693748,
      11113.783090138786,
      11113.884234583824,
      11113.98537902886,
      11114.086523473898,
      11114.187667918934,
      11114.288812363971,
      11114.38995680901,
      11114.491101254045,
      11114.592245699081,
      11114.693390144119,
      11114.794534589157,
      11114.895679034193,
      11114.996823479229,
      11115.097967924266,
      11115.199112369304,
      11115.300256814342,
      11115.401401259378,
      11115.502545704414,
      11115.603690149452,
      11115.70483459449,
      11115.805979039525,
      11115.907123484563,
      11116.0082679296,
      11116.109412374637,
      11116.210556819675,
      11116.31170126471
    ],
    "y": [
      8424.54495712436,
      8424.529340651483,
      8424.513724178607,
      8424.49810770573,
      8424.482491232853,
      8424.466874759975,
      8424.451258287098,
      8424.43564181422,
      8424.420025341344,
      8424.404408868468,
      8424.38879239559,
      8424.373175922712,
      8424.357559449836,
      8424.341942976958,
      8424.32632650408,
      8424.310710031205,
      8424.295093558327,
      8424.279477085449,
      8424.263860612573,
      8424.248244139695,
      8424.232627666817,
      8424.217011193941,
      8424.201394721063,
      8424.185778248187,
      8424.17016177531,
      8424.154545302432,
      8424.138928829556,
      8424.123312356678,
      8424.107695883802,
      8424.092079410924,
      8424.076462938046,
      8424.060846465169,
      8424.045229992293
    ],
    "heading": [
      -0.13285627427409638,
      -0.13216255386471515,
      -0.13146883345533383,
      -0.13077511304595257,
      -0.13008139263657129,
      -0.12938767222719003,
      -0.12869395181780874,
      -0.1280002314084275,
      -0.1273065109990462,
      -0.12661279058966493,
      -0.12591907018028364,
      -0.1252253497709024,
      -0.1245316293615211,
      -0.12383790895213981,
      -0.12314418854275856,
      -0.12245046813337729,
      -0.12175674772399603,
      -0.12106302731461474,
      -0.12036930690523345,
      -0.11967558649585218,
      -0.11898186608647089,
      -0.11828814567708966,
      -0.11759442526770836,
      -0.1169007048583271,
      -0.11620698444894584,
      -0.11551326403956456,
      -0.11481954363018328,
      -0.114125823220802,
      -0.11343210281142073,
      -0.11273838240203944,
      -0.11204466199265818,
      -0.11135094158327691,
      -0.11065722117389562
    ]
  }
}