{
  "waypoint_0_to_1": {
    "waypoints_count": 17,
    "x": [
      11117.733375272233,
      11117.701184935831,
      11117.66899459943,
      11117.636804263027,
      11117.604613926625,
      11117.572423590223,
      11117.540233253821,
      11117.50804291742,
      11117.475852581018,
      11117.443662244616,
      11117.411471908214,
      11117.379281571812,
      11117.34709123541,
      11117.314900899008,
      11117.282710562606,
      11117.250520226204,
      11117.218329889802
    ],
    "y": [
      8431.372001403635,
      8431.274545186829,
      8431.177088970022,
      8431.079632753215,
      8430.982176536409,
      8430.884720319602,
      8430.787264102795,
      8430.689807885989,
      8430.592351669182,
      8430.494895452375,
      8430.397439235569,
      8430.299983018762,
      8430.202526801955,
      8430.105070585148,
      8430.007614368342,
      8429.910158151535,
      8429.812701934728
    ],
    "heading": [
      -1.8797748055571855,
      -1.8816803503506565,
      -1.8835858951441278,
      -1.8854914399375993,
      -1.8873969847310708,
      -1.889302529524542,
      -1.891208074318013,
      -1.8931136191114846,
      -1.8950191639049558,
      -1.896924708698427,
      -1.8988302534918986,
      -1.9007357982853696,
      -1.902641343078841,
      -1.9045468878723124,
      -1.9064524326657835,
      -1.908357977459255,
      -1.9102635222527262
    ]
  },
  "waypoint_1_to_2": {
    "waypoints_count": 14,
    "x": [
      11117.217397542621,
      11117.176369730985,
      11117.135341919347,
      11117.094314107711,
      11117.053286296075,
      11117.01225848444,
      11116.971230672803,
      11116.930202861166,
      11116.88917504953,
      11116.848147237893,
      11116.807119426256,
      11116.766091614621,
      11116.725063802985,
      11116.684035991348
    ],
    "y": [
      8429.54321051933,
      8429.448459019915,
      8429.3537075205,
      8429.258956021084,
      8429.164204521669,
      8429.069453022254,
      8428.974701522839,
      8428.879950023422,
      8428.785198524007,
      8428.690447024592,
      8428.595695525177,
      8428.50094402576,
      8428.406192526345,
      8428.31144102693
    ],
    "heading": [
      -1.9614582815874209,
      -1.956833593879794,
      -1.952208906172167,
      -1.9475842184645396,
      -1.942959530756913,
      -1.938334843049286,
      -1.9337101553416587,
      -1.9290854676340317,
      -1.9244607799264049,
      -1.9198360922187778,
      -1.915211404511151,
      -1.9105867168035238,
      -1.905962029095897,
      -1.90133734138827
    ]
  },
  "waypoint_2_to_3": {
    "waypoints_count": 12,
    "x": [
      11116.597631133076,
      11116.566213392918,
      11116.534795652762,
      11116.503377912606,
      11116.471960172448,
      11116.44054243229,
      11116.409124692134,
      11116.377706951978,
      11116.34628921182,
      11116.314871471663,
      11116.283453731507,
      11116.252035991349
    ],
    "y": [
      8428.121270295456,
      8428.024103998318,
      8427.926937701179,
      8427.82977140404,
      8427.732605106901,
      8427.635438809762,
      8427.538272512624,
      8427.441106215485,
      8427.343939918346,
      8427.246773621207,
      8427.149607324069,
      8427.05244102693
    ],
    "heading": [
      -1.9630512056948661,
      -1.9574408543942665,
      -1.9518305030936667,
      -1.946220151793067,
      -1.9406098004924672,
      -1.9349994491918674,
      -1.9293890978912684,
      -1.9237787465906682,
      -1.9181683952900688,
      -1.9125580439894694,
      -1.9069476926888698,
      -1.90133734138827
    ]
  }
}