{
  "waypoint_0_to_1": {
    "waypoints_count": 78,
    "x": [
      11105.703460523908,
      11105.703460523908,
      11105.703460523908,
      11105.703460523908,
      11105.703460523908,
      11105.703460523908,
      11105.799914898387,
      11105.896369272865,
      11105.992823647346,
      11106.089278021824,
      11106.185732396303,
      11106.28218677078,
      11106.37864114526,
      11106.475095519738,
      11106.571549894219,
      11106.668004268697,
      11106.764458643176,
      11106.860913017656,
      11106.957367392133,
      11107.053821766614,
      11107.15027614109,
      11107.24673051557,
      11107.343184890049,
      11107.439639264529,
      11107.536093639008,
      11107.632548013487,
      11107.729002387965,
      11107.825456762444,
      11107.921911136924,
      11108.018365511403,
      11108.114819885881,
      11108.21127426036,
      11108.307728634838,
      11108.40418300932,
      11108.500637383797,
      11108.597091758274,
      11108.693546132756,
      11108.790000507233,
      11108.886454881715,
      11108.982909256192,
      11109.07936363067,
      11109.17581800515,
      11109.272272379629,
      11109.368726754106,
      11109.465181128588,
      11109.561635503065,
      11109.658089877543,
      11109.754544252024,
      11109.850998626502,
      11109.94745300098,
      11110.04390737546,
      11110.140361749938,
      11110.236816124418,
      11110.333270498897,
      11110.429724873375,
      11110.526179247854,
      11110.622633622334,
      11110.719087996811,
      11110.81554237129,
      11110.91199674577,
      11111.008451120248,
      11111.104905494727,
      11111.201359869206,
      11111.297814243686,
      11111.394268618165,
      11111.490722992645,
      11111.587177367122,
      11111.683631741602,
      11111.78008611608,
      11111.876540490559,
      11111.972994865038,
      11112.069449239518,
      11112.165903613995,
      11112.262357988475,
      11112.358812362954,
      11112.455266737434,
      11112.551721111913,
      11112.64817548639
    ],
    "y": [
      8427.915997183998,
      8427.915997183998,
      8427.915997183998,
      8427.915997183998,
      8427.915997183998,
      8427.915997183998,
      8427.887153835594,
      8427.858310487189,
      8427.829467138785,
      8427.800623790381,
      8427.771780441975,
      8427.742937093572,
      8427.714093745166,
      8427.685250396762,
      8427.656407048358,
      8427.627563699953,
      8427.598720351549,
      8427.569877003145,
      8427.54103365474,
      8427.512190306335,
      8427.483346957932,
      8427.454503609526,
      8427.425660261122,
      8427.396816912718,
      8427.367973564313,
      8427.339130215909,
      8427.310286867503,
      8427.2814435191,
      8427.252600170694,
      8427.223756822292,
      8427.194913473886,
      8427.16607012548,
      8427.137226777077,
      8427.108383428673,
      8427.079540080267,
      8427.050696731863,
      8427.02185338346,
      8426.993010035054,
      8426.964166686652,
      8426.935323338246,
      8426.90647998984,
      8426.877636641437,
      8426.848793293033,
      8426.819949944627,
      8426.791106596223,
      8426.76226324782,
      8426.733419899414,
      8426.70457655101,
      8426.675733202606,
      8426.6468898542,
      8426.618046505797,
      8426.589203157391,
      8426.560359808987,
      8426.531516460584,
      8426.50267311218,
      8426.473829763774,
      8426.44498641537,
      8426.416143066965,
      8426.38729971856,
      8426.358456370155,
      8426.329613021751,
      8426.300769673348,
      8426.271926324942,
      8426.243082976538,
      8426.214239628134,
      8426.185396279729,
      8426.156552931325,
      8426.127709582921,
      8426.098866234515,
      8426.070022886111,
      8426.041179537706,
      8426.012336189302,
      8425.983492840898,
      8425.954649492494,
      8425.925806144089,
      8425.896962795685,
      8425.868119447281,
      8425.839276098875
    ],
    "heading": [
      -0.15043137736595422,
      -0.15043137736595422,
      -0.20268220322375752,
      -0.25493302908156074,
      -0.307183854939364,
      -0.35943468079716717,
      -0.35943468079716717,
      -0.35943468079716717,
      -0.35943468079716717,
      -0.35943468079716717,
      -0.35943468079716717,
      -0.35943468079716717,
      -0.35943468079716717,
      -0.35943468079716717,
      -0.35943468079716717,
      -0.35943468079716717,
      -0.35943468079716717,
      -0.35943468079716717,
      -0.35943468079716717,
      -0.35943468079716717,
      -0.35943468079716717,
      -0.35943468079716717,
      -0.35943468079716717,
      -0.35943468079716717,
      -0.35943468079716717,
      -0.35943468079716717,
      -0.35943468079716717,
      -0.35943468079716717,
      -0.35943468079716717,
      -0.35943468079716717,
      -0.35943468079716717,
      -0.35943468079716717,
      -0.35943468079716717,
      -0.35943468079716717,
      -0.35943468079716717,
      -0.35943468079716717,
      -0.35943468079716717,
      -0.35943468079716717,
      -0.35943468079716717,
      -0.35943468079716717,
      -0.35943468079716717,
      -0.3594346807971672,
      -0.3594346807971672,
      -0.3594346807971672,
      -0.3594346807971672,
      -0.3594346807971672,
      -0.3594346807971672,
      -0.3594346807971672,
      -0.3594346807971672,
      -0.3594346807971672,
      -0.3594346807971672,
      -0.3594346807971672,
      -0.3594346807971672,
      -0.3594346807971672,
      -0.3594346807971672,
      -0.3594346807971672,
      -0.3594346807971672,
      -0.3594346807971672,
      -0.3594346807971672,
      -0.3594346807971672,
      -0.3594346807971672,
      -0.3594346807971672,
      -0.3594346807971672,
      -0.3594346807971672,
      -0.3594346807971672,
      -0.3594346807971672,
      -0.3594346807971672,
      -0.3594346807971672,
      -0.3594346807971672,
      -0.3594346807971672,
      -0.3594346807971672,
      -0.3594346807971672,
      -0.3594346807971672,
      -0.3594346807971672,
      -0.3594346807971672,
      -0.3594346807971672,
      -0.3594346807971672,
      -0.3594346807971672
    ]
  }
}