{
  "waypoint_0_to_1": {
    "waypoints_count": 31,
    "x": [
      11109.688710892962,
      11109.787359712744,
      11109.886008532525,
      11109.984657352306,
      11110.083306172086,
      11110.18195499187,
      11110.280603811649,
      11110.379252631428,
      11110.47790145121,
      11110.576550270991,
      11110.675199090772,
      11110.773847910552,
      11110.872496730333,
      11110.971145550115,
      11111.069794369894,
      11111.168443189676,
      11111.267092009457,
      11111.365740829238,
      11111.46438964902,
      11111.563038468801,
      11111.661687288582,
      11111.760336108362,
      11111.858984928143,
      11111.957633747923,
      11112.056282567704,
      11112.154931387486,
      11112.253580207267,
      11112.352229027048,
      11112.450877846828,
      11112.549526666611,
      11112.64817548639
    ],
    "y": [
      8426.584226669022,
      8426.559394983351,
      8426.534563297679,
      8426.509731612006,
      8426.484899926336,
      8426.460068240664,
      8426.435236554993,
      8426.41040486932,
      8426.385573183648,
      8426.360741497978,
      8426.335909812307,
      8426.311078126633,
      8426.286246440963,
      8426.261414755292,
      8426.23658306962,
      8426.211751383948,
      8426.186919698277,
      8426.162088012605,
      8426.137256326934,
      8426.112424641262,
      8426.087592955591,
      8426.062761269919,
      8426.037929584247,
      8426.013097898576,
      8425.988266212906,
      8425.963434527233,
      8425.938602841561,
      8425.91377115589,
      8425.888939470218,
      8425.864107784548,
      8425.839276098875
    ],
    "heading": [
      -0.22232203833289765,
      -0.2268924597483733,
      -0.23146288116384894,
      -0.23603330257932462,
      -0.24060372399480026,
      -0.2451741454102759,
      -0.24974456682575155,
      -0.2543149882412273,
      -0.25888540965670287,
      -0.26345583107217857,
      -0.26802625248765416,
      -0.2725966739031298,
      -0.2771670953186055,
      -0.28173751673408115,
      -0.2863079381495568,
      -0.29087835956503244,
      -0.29544878098050803,
      -0.3000192023959838,
      -0.3045896238114594,
      -0.3091600452269351,
      -0.3137304666424106,
      -0.3183008880578864,
      -0.32287130947336196,
      -0.3274417308888377,
      -0.33201215230431336,
      -0.3365825737197889,
      -0.34115299513526465,
      -0.3457234165507403,
      -0.350293837966216,
      -0.3548642593816915,
      -0.3594346807971672
    ]
  },
  "waypoint_1_to_2": {
    "waypoints_count": 35,
    "x": [
      11112.732575305143,
      11112.827129214646,
      11112.92168312415,
      11113.016237033655,
      11113.11079094316,
      11113.205344852662,
      11113.299898762167,
      11113.394452671671,
      11113.489006581174,
      11113.58356049068,
      11113.678114400183,
      11113.772668309688,
      11113.86722221919,
      11113.961776128697,
      11114.0563300382,
      11114.150883947703,
      11114.245437857207,
      11114.339991766712,
      11114.434545676217,
      11114.529099585721,
      11114.623653495224,
      11114.718207404727,
      11114.812761314231,
      11114.907315223736,
      11115.00186913324,
      11115.096423042745,
      11115.19097695225,
      11115.285530861753,
      11115.380084771257,
      11115.47463868076,
      11115.569192590265,
      11115.66374649977,
      11115.758300409272,
      11115.852854318779,
      11115.947408228281
    ],
    "y": [
      8425.770160262431,
      8425.735761313475,
      8425.70136236452,
      8425.666963415564,
      8425.632564466609,
      8425.598165517651,
      8425.563766568695,
      8425.529367619742,
      8425.494968670784,
      8425.46056972183,
      8425.426170772873,
      8425.391771823919,
      8425.357372874962,
      8425.322973926006,
      8425.28857497705,
      8425.254176028095,
      8425.219777079139,
      8425.185378130183,
      8425.150979181228,
      8425.116580232272,
      8425.082181283316,
      8425.04778233436,
      8425.013383385405,
      8424.97898443645,
      8424.944585487494,
      8424.910186538538,
      8424.875787589583,
      8424.841388640625,
      8424.80698969167,
      8424.772590742714,
      8424.738191793758,
      8424.703792844803,
      8424.669393895847,
      8424.634994946891,
      8424.600595997936
    ],
    "heading": [
      -0.28921965835760916,
      -0.2913492697432033,
      -0.2934788811287975,
      -0.2956084925143916,
      -0.29773810389998573,
      -0.29986771528557987,
      -0.30199732667117396,
      -0.30412693805676816,
      -0.3062565494423623,
      -0.3083861608279565,
      -0.31051577221355064,
      -0.3126453835991448,
      -0.3147749949847388,
      -0.31690460637033313,
      -0.3190342177559272,
      -0.3211638291415213,
      -0.3232934405271155,
      -0.32542305191270965,
      -0.3275526632983039,
      -0.32968227468389794,
      -0.33181188606949213,
      -0.33394149745508617,
      -0.3360711088406804,
      -0.3382007202262745,
      -0.34033033161186865,
      -0.34245994299746285,
      -0.34458955438305694,
      -0.3467191657686511,
      -0.34884877715424517,
      -0.3509783885398394,
      -0.35310799992543357,
      -0.3552376113110277,
      -0.35736722269662186,
      -0.359496834082216,
      -0.36162644546781014
    ]
  }
}