{
  "waypoint_0_to_1": {
    "waypoints_count": 26,
    "x": [
      11113.806782903059,
      11113.906979637524,
      11114.007176371992,
      11114.107373106457,
      11114.207569840923,
      11114.30776657539,
      11114.407963309855,
      11114.50816004432,
      11114.608356778786,
      11114.708553513254,
      11114.80875024772,
      11114.908946982187,
      11115.009143716652,
      11115.109340451118,
      11115.209537185583,
      11115.30973392005,
      11115.409930654516,
      11115.510127388981,
      11115.610324123449,
      11115.710520857914,
      11115.81071759238,
      11115.910914326847,
      11116.011111061314,
      11116.111307795778,
      11116.211504530245,
      11116.31170126471
    ],
    "y": [
      8424.366125094537,
      8424.353289290446,
      8424.340453486357,
      8424.327617682267,
      8424.314781878178,
      8424.301946074089,
      8424.289110269998,
      8424.276274465909,
      8424.263438661817,
      8424.250602857728,
      8424.23776705364,
      8424.22493124955,
      8424.21209544546,
      8424.19925964137,
      8424.18642383728,
      8424.17358803319,
      8424.1607522291,
      8424.14791642501,
      8424.135080620921,
      8424.12224481683,
      8424.109409012743,
      8424.096573208652,
      8424.083737404562,
      8424.070901600471,
      8424.058065796382,
      8424.045229992293
    ],
    "heading": [
      0.05199072073740049,
      0.045484803060948646,
      0.03897888538449681,
      0.03247296770804497,
      0.025967050031593112,
      0.019461132355141266,
      0.012955214678689424,
      0.006449297002237577,
      -5.662067421426802e-05,
      -0.006562538350666108,
      -0.013068456027117953,
      -0.01957437370356979,
      -0.026080291380021648,
      -0.032586209056473484,
      -0.039092126732925336,
      -0.045598044409377175,
      -0.052103962085829035,
      -0.05860987976228086,
      -0.0651157974387327,
      -0.07162171511518456,
      -0.0781276327916364,
      -0.08463355046808825,
      -0.09113946814454008,
      -0.09764538582099194,
      -0.1041513034974438,
      -0.1106572211738956
    ]
  },
  "waypoint_1_to_2": {
    "waypoints_count": 92,
    "x": [
      11116.250413342845,
      11116.349833396855,
      11116.449253450866,
      11116.548673504876,
      11116.648093558886,
      11116.747513612896,
      11116.846933666908,
      11116.94635372092,
      11117.045773774928,
      11117.145193828937,
      11117.244613882947,
      11117.344033936959,
      11117.443453990969,
      11117.542874044979,
      11117.64229409899,
      11117.741714153,
      11117.84113420701,
      11117.94055426102,
      11118.039974315032,
      11118.139394369042,
      11118.238814423052,
      11118.338234477062,
      11118.437654531073,
      11118.537074585083,
      11118.636494639093,
      11118.735914693105,
      11118.835334747115,
      11118.934754801125,
      11119.034174855136,
      11119.133594909144,
      11119.233014963156,
      11119.332435017166,
      11119.431855071176,
      11119.531275125188,
      11119.630695179198,
      11119.730115233207,
      11119.82953528722,
      11119.928955341229,
      11120.028375395239,
      11120.127795449249,
      11120.227215503259,
      11120.32663555727,
      11120.42605561128,
      11120.52547566529,
      11120.624895719302,
      11120.724315773312,
      11120.823735827322,
      11120.923155881334,
      11121.022575935342,
      11121.121995989353,
      11121.221416043365,
      11121.320836097373,
      11121.420256151385,
      11121.519676205395,
      11121.619096259405,
      11121.718516313416,
      11121.817936367426,
      11121.917356421436,
      11122.016776475446,
      11122.116196529458,
      11122.215616583468,
      11122.315036637478,
      11122.414456691487,
      11122.5138767455,
      11122.613296799509,
      11122.712716853519,
      11122.812136907529,
      11122.91155696154,
      11123.01097701555,
      11123.11039706956,
      11123.20981712357,
      11123.309237177582,
      11123.408657231592,
      11123.508077285602,
      11123.607497339613,
      11123.706917393623,
      11123.806337447633,
      11123.905757501643,
      11124.005177555653,
      11124.104597609665,
      11124.204017663675,
      11124.303437717685,
      11124.402857771696,
      11124.502277825706,
      11124.601697879716,
      11124.701117933726,
      11124.800537987738,
      11124.899958041748,
      11124.999378095757,
      11125.098798149767,
      11125.19821820378,
      11125.297638257789
    ],
    "y": [
      8423.97574194184,
      8423.963887320198,
      8423.952032698553,
      8423.940178076911,
      8423.928323455268,
      8423.916468833624,
      8423.90461421198,
      8423.892759590337,
      8423.880904968693,
      8423.86905034705,
      8423.857195725408,
      8423.845341103764,
      8423.83348648212,
      8423.82163186048,
      8423.809777238836,
      8423.797922617192,
      8423.786067995548,
      8423.774213373905,
      8423.762358752261,
      8423.750504130618,
      8423.738649508974,
      8423.72679488733,
      8423.714940265689,
      8423.703085644045,
      8423.691231022403,
      8423.67937640076,
      8423.667521779116,
      8423.65566715747,
      8423.643812535829,
      8423.631957914185,
      8423.620103292542,
      8423.6082486709,
      8423.596394049255,
      8423.584539427611,
      8423.57268480597,
      8423.560830184328,
      8423.548975562684,
      8423.53712094104,
      8423.525266319395,
      8423.513411697753,
      8423.50155707611,
      8423.489702454466,
      8423.477847832823,
      8423.46599321118,
      8423.454138589535,
      8423.442283967892,
      8423.430429346252,
      8423.418574724608,
      8423.406720102965,
      8423.394865481321,
      8423.383010859678,
      8423.371156238034,
      8423.35930161639,
      8423.347446994747,
      8423.335592373103,
      8423.32373775146,
      8423.311883129818,
      8423.300028508174,
      8423.28817388653,
      8423.276319264889,
      8423.264464643245,
      8423.252610021602,
      8423.240755399958,
      8423.228900778315,
      8423.217046156671,
      8423.205191535028,
      8423.193336913384,
      8423.181482291742,
      8423.169627670099,
      8423.157773048455,
      8423.145918426811,
      8423.134063805168,
      8423.122209183526,
      8423.110354561883,
      8423.098499940239,
      8423.086645318595,
      8423.074790696952,
      8423.06293607531,
      8423.051081453666,
      8423.039226832023,
      8423.02737221038,
      8423.015517588736,
      8423.003662967092,
      8422.991808345449,
      8422.979953723807,
      8422.968099102163,
      8422.95624448052,
      8422.944389858876,
      8422.932535237234,
      8422.920680615589,
      8422.908825993945,
      8422.896971372304
    ],