{
  "waypoint_0_to_1": {
    "waypoints_count": 34,
    "x": [
      11113.153671838145,
      11113.249369699557,
      11113.345067560967,
      11113.440765422378,
      11113.53646328379,
      11113.6321611452,
      11113.72785900661,
      11113.823556868021,
      11113.919254729433,
      11114.014952590845,
      11114.110650452256,
      11114.206348313668,
      11114.302046175078,
      11114.397744036489,
      11114.4934418979,
      11114.589139759311,
      11114.684837620722,
      11114.780535482134,
      11114.876233343544,
      11114.971931204956,
      11115.067629066367,
      11115.163326927777,
      11115.25902478919,
      11115.3547226506,
      11115.450420512012,
      11115.546118373422,
      11115.641816234833,
      11115.737514096245,
      11115.833211957655,
      11115.928909819067,
      11116.024607680478,
      11116.120305541888,
      11116.216003403299,
      11116.31170126471
    ],
    "y": [
      8425.133127838228,
      8425.100161236836,
      8425.067194635445,
      8425.034228034052,
      8425.001261432659,
      8424.96829483127,
      8424.935328229876,
      8424.902361628483,
      8424.869395027092,
      8424.8364284257,
      8424.803461824307,
      8424.770495222916,
      8424.737528621525,
      8424.704562020132,
      8424.671595418738,
      8424.638628817349,
      8424.605662215956,
      8424.572695614563,
      8424.539729013171,
      8424.50676241178,
      8424.473795810387,
      8424.440829208996,
      8424.407862607604,
      8424.374896006211,
      8424.34192940482,
      8424.308962803429,
      8424.275996202035,
      8424.243029600644,
      8424.210062999253,
      8424.17709639786,
      8424.144129796468,
      8424.111163195077,
      8424.078196593684,
      8424.045229992293
    ],
    "heading": [
      -0.19435116905446334,
      -0.19181498881565825,
      -0.18927880857685317,
      -0.18674262833804808,
      -0.18420644809924305,
      -0.18167026786043794,
      -0.17913408762163283,
      -0.17659790738282777,
      -0.17406172714402268,
      -0.1715255469052176,
      -0.1689893666664125,
      -0.16645318642760742,
      -0.16391700618880234,
      -0.16138082594999725,
      -0.15884464571119217,
      -0.1563084654723871,
      -0.15377228523358205,
      -0.15123610499477694,
      -0.14869992475597188,
      -0.1461637445171668,
      -0.1436275642783617,
      -0.14109138403955662,
      -0.13855520380075154,
      -0.13601902356194645,
      -0.13348284332314136,
      -0.13094666308433628,
      -0.1284104828455312,
      -0.1258743026067261,
      -0.12333812236792104,
      -0.12080194212911596,
      -0.11826576189031086,
      -0.11572958165150578,
      -0.11319340141270073,
      -0.11065722117389562
    ]
  },
  "waypoint_1_to_2": {
    "waypoints_count": 91,
    "x": [
      11116.23924491137,
      11116.33989372633,
      11116.440542541292,
      11116.541191356251,
      11116.64184017121,
      11116.74248898617,
      11116.843137801132,
      11116.943786616093,
      11117.044435431051,
      11117.14508424601,
      11117.245733060972,
      11117.346381875932,
      11117.447030690893,
      11117.547679505853,
      11117.648328320813,
      11117.748977135774,
      11117.849625950734,
      11117.950274765695,
      11118.050923580655,
      11118.151572395613,
      11118.252221210576,
      11118.352870025534,
      11118.453518840495,
      11118.554167655455,
      11118.654816470416,
      11118.755465285376,
      11118.856114100336,
      11118.956762915295,
      11119.057411730257,
      11119.158060545216,
      11119.258709360178,
      11119.359358175137,
      11119.460006990095,
      11119.560655805057,
      11119.661304620018,
      11119.76195343498,
      11119.862602249937,
      11119.963251064899,
      11120.063899879857,
      11120.164548694818,
      11120.26519750978,
      11120.365846324741,
      11120.466495139699,
      11120.567143954659,
      11120.667792769618,
      11120.76844158458,
      11120.869090399541,
      11120.9697392145,
      11121.07038802946,
      11121.171036844422,
      11121.27168565938,
      11121.372334474341,
      11121.4729832893,
      11121.57363210426,
      11121.674280919222,
      11121.774929734182,
      11121.875578549141,
      11121.976227364103,
      11122.076876179062,
      11122.177524994022,
      11122.278173808983,
      11122.378822623943,
      11122.479471438903,
      11122.580120253862,
      11122.680769068824,
      11122.781417883783,
      11122.882066698745,
      11122.982715513705,
      11123.083364328664,
      11123.184013143624,
      11123.284661958585,
      11123.385310773545,
      11123.485959588505,
      11123.586608403464,
      11123.687257218426,
      11123.787906033385,
      11123.888554848345,
      11123.989203663306,
      11124.089852478266,
      11124.190501293227,
      11124.291150108187,
      11124.391798923149,
      11124.492447738108,
      11124.593096553066,
      11124.693745368028,
      11124.794394182987,
      11124.895042997949,
      11124.995691812908,
      11125.096340627868,
      11125.19698944283,
      11125.297638257789
    ],
    "y": [
      8423.653963863608,
      8423.645552835926,
      8423.637141808245,
      8423.628730780565,
      8423.620319752883,
      8423.611908725201,
      8423.60349769752,
      8423.59508666984,
      8423.586675642158,
      8423.578264614478,
      8423.569853586796,
      8423.561442559116,
      8423.553031531434,
      8423.544620503753,
      8423.536209476071,
      8423.527798448391,
      8423.519387420709,
      8423.510976393029,
      8423.502565365347,
      8423.494154337666,
      8423.485743309984,
      8423.477332282302,
      8423.468921254622,
      8423.460510226942,
      8423.452099199261,
      8423.44368817158,
      8423.435277143897,
      8423.426866116217,
      8423.418455088535,
      8423.410044060854,
      8423.401633033174,
      8423.393222005492,
      8423.38481097781,
      8423.37639995013,
      8423.367988922448,
      8423.359577894767,
      8423.351166867087,
      8423.342755839405,
      8423.334344811723,
      8423.325933784043,
      8423.317522756362,
      8423.30911172868,
      8423.300700700998,
      8423.292289673318,
      8423.283878645636,
      8423.275467617956,
      8423.267056590274,
      8423.258645562593,
      8423.250234534913,
      8423.241823507231,
      8423.23341247955,
      8423.225001451869,
      8423.216590424188,
      8423.208179396506,
      8423.199768368824,
      8423.191357341144,
      8423.182946313464,
      8423.174535285782,
      8423.1661242581,
      8423.15771323042,
      8423.149302202739,
      8423.140891175057,
      8423.132480147377,
      8423.124069119694,
      8423.115658092014,
      8423.107247064334,
      8423.098836036652,
      8423.09042500897,
      8423.08201398129,
      8423.073602953607,
      8423.065191925927,
      8423.056780898245,
      8423.048369870565,
      8423.039958842883,
      8423.031547815202,
      8423.02313678752,
      8423.01472575984,
      8423.00631473216,
      8422.997903704478,
      8422.989492676796,
      8422.981081649115,
      8422.972670621433,
      8422.964259593753,
      8422.955848566073,
      8422.94743753839,
      8422.939026510709,
      8422.930615483028,
      8422.922204455346,
      8422.913793427666,
      8422.905382399986,
      8422.896971372304
    ],