{
  "waypoint_0_to_1": {
    "waypoints_count": 34,
    "x": [
      11106.111746097533,
      11106.195460044937,
      11106.279173992343,
      11106.362887939747,
      11106.446601887152,
      11106.530315834556,
      11106.61402978196,
      11106.697743729364,
      11106.78145767677,
      11106.865171624175,
      11106.948885571579,
      11107.032599518985,
      11107.11631346639,
      11107.200027413794,
      11107.283741361198,
      11107.367455308602,
      11107.451169256008,
      11107.534883203412,
      11107.618597150817,
      11107.702311098223,
      11107.786025045625,
      11107.869738993031,
      11107.953452940437,
      11108.037166887842,
      11108.120880835246,
      11108.204594782652,
      11108.288308730056,
      11108.372022677459,
      11108.455736624865,
      11108.539450572269,
      11108.623164519673,
      11108.70687846708,
      11108.790592414483,
      11108.874306361888
    ],
    "y": [
      8427.163729513464,
      8427.104512334909,
      8427.045295156353,
      8426.986077977796,
      8426.92686079924,
      8426.867643620684,
      8426.808426442127,
      8426.749209263571,
      8426.689992085016,
      8426.630774906462,
      8426.571557727906,
      8426.51234054935,
      8426.453123370793,
      8426.393906192237,
      8426.33468901368,
      8426.275471835124,
      8426.216254656569,
      8426.157037478013,
      8426.097820299456,
      8426.038603120902,
      8425.979385942344,
      8425.920168763789,
      8425.860951585233,
      8425.801734406677,
      8425.742517228122,
      8425.683300049564,
      8425.624082871009,
      8425.564865692453,
      8425.505648513898,
      8425.446431335342,
      8425.387214156784,
      8425.327996978229,
      8425.268779799673,
      8425.209562621118
    ],
    "heading": [
      -0.778228482573626,
      -0.7779610077956077,
      -0.7776935330175891,
      -0.7774260582395708,
      -0.7771585834615523,
      -0.776891108683534,
      -0.7766236339055157,
      -0.7763561591274971,
      -0.7760886843494786,
      -0.7758212095714604,
      -0.7755537347934418,
      -0.7752862600154236,
      -0.7750187852374053,
      -0.7747513104593867,
      -0.7744838356813682,
      -0.77421636090335,
      -0.7739488861253316,
      -0.7736814113473134,
      -0.7734139365692947,
      -0.7731464617912764,
      -0.772878987013258,
      -0.7726115122352396,
      -0.7723440374572211,
      -0.7720765626792027,
      -0.7718090879011843,
      -0.7715416131231659,
      -0.7712741383451475,
      -0.7710066635671291,
      -0.7707391887891107,
      -0.7704717140110922,
      -0.7702042392330737,
      -0.7699367644550555,
      -0.7696692896770371,
      -0.7694018148990187
    ]
  },
  "waypoint_1_to_2": {
    "waypoints_count": 19,
    "x": [
      11108.975996950861,
      11109.050754689124,
      11109.125512427387,
      11109.200270165651,
      11109.275027903914,
      11109.349785642178,
      11109.424543380443,
      11109.499301118705,
      11109.574058856968,
      11109.648816595232,
      11109.723574333495,
      11109.798332071758,
      11109.873089810022,
      11109.947847548285,
      11110.02260528655,
      11110.097363024812,
      11110.172120763074,
      11110.246878501339,
      11110.321636239602
    ],
    "y": [
      8425.126222065246,
      8425.053589396159,
      8424.98095672707,
      8424.908324057982,
      8424.835691388893,
      8424.763058719805,
      8424.690426050718,
      8424.617793381629,
      8424.54516071254,
      8424.472528043452,
      8424.399895374365,
      8424.327262705276,
      8424.254630036188,
      8424.181997367099,
      8424.109364698012,
      8424.036732028922,
      8423.964099359835,
      8423.891466690746,
      8423.818834021658
    ],
    "heading": [
      -0.7122535580999744,
      -0.7024170519904177,
      -0.6925805458808613,
      -0.6827440397713047,
      -0.6729075336617479,
      -0.6630710275521914,
      -0.6532345214426348,
      -0.6433980153330782,
      -0.6335615092235216,
      -0.6237250031139648,
      -0.6138884970044083,
      -0.6040519908948517,
      -0.5942154847852952,
      -0.5843789786757385,
      -0.574542472566182,
      -0.5647059664566253,
      -0.5548694603470687,
      -0.5450329542375121,
      -0.5351964481279555
    ]
  },
  "waypoint_2_to_3": {
    "waypoints_count": 14,
    "x": [
      11110.521296384664,
      11110.609784819952,
      11110.698273255237,
      11110.786761690524,
      11110.875250125811,
      11110.963738561099,
      11111.052226996384,
      11111.140715431671,
      11111.229203866958,
      11111.317692302244,
      11111.40618073753,
      11111.494669172818,
      11111.583157608104,
      11111.67164604339
    ],
    "y": [
      8423.722497425808,
      8423.668899153437,
      8423.615300881065,
      8423.561702608693,
      8423.508104336323,
      8423.45450606395,
      8423.400907791578,
      8423.347309519206,
      8423.293711246835,
      8423.240112974465,
      8423.186514702093,
      8423.13291642972,
      8423.079318157348,
      8423.025719884978
    ],
    "heading": [
      -0.5633001146218868,
      -0.5474098591760149,
      -0.5315196037301431,
      -0.5156293482842712,
      -0.49973909283839935,
      -0.48384883739252765,
      -0.46795858194665574,
      -0.4520683265007839,
      -0.436178071054912,
      -0.4202878156090402,
      -0.40439756016316836,
      -0.38850730471729655,
      -0.3726170492714247,
      -0.35672679382555283
    ]
  },
  "waypoint_3_to_4": {
    "waypoints_count": 26,
    "x": [
      11111.849774899829,
      11111.945949817571,
      11112.042124735315,
      11112.138299653057,
      11112.2344745708,
      11112.330649488542,
      11112.426824406284,
      11112.522999324025,
      11112.619174241769,
      11112.71534915951,
      11112.811524077253,
      11112.907698994997,
      11113.003873912738,
      11113.100048830482,
      11113.196223748222,
      11113.292398665966,
      11113.388573583708,
      11113.48474850145,
      11113.580923419193,
      11113.677098336937,
      11113.77327325468,
      11113.86944817242,
      11113.965623090162,
      11114.061798007904,
      11114.157972925648,
      11114.25414784339
    ],
    "y": [
      8422.951714856805,
      8422.916178169931,
      8422.88064148306,
      8422.845104796184,
      8422.809568109313,
      8422.77403142244,
      8422.738494735566,
      8422.702958048692,
      8422.66742136182,
      8422.631884674947,
      8422.596347988074,
      8422.560811301202,
      8422.525274614327,
      8422.489737927453,
      8422.45420124058,
      8422.418664553708,
      8422.383127866835,
      8422.347591179961,
      8422.31205449309,
      8422.276517806216,
      8422.240981119343,
      8422.20544443247,
      8422.169907745596,
      8422.134371058724,
      8422.09883437185,
      8422.063297684977
    ],
    "heading": [
      -0.3991368858894681,
      -0.39744048220691147,
      -0.3957440785243549,
      -0.3940476748417982,
      -0.39235127115924173,
      -0.390654867476685,
      -0.38895846379412846,
      -0.3872620601115718,
      -0.38556565642901514,
      -0.3838692527464586,
      -0.382172849063902,
      -0.3804764453813454,
      -0.3787800416987887,
      -0.37708363801623224,
      -0.3753872343336756,
      -0.3736908306511189,
      -0.37199442696856233,
      -0.3702980232860057,
      -0.3686016196034491,
      -0.3669052159208925,
      -0.3652088122383359,
      -0.36351240855577927,
      -0.36181600487322274,
      -0.36011960119066605,
      -0.35842319750810947,
      -0.35672679382555283
    ]
  }
}