{
  "waypoint_0_to_1": {
    "waypoints_count": 116,
    "x": [
      11110.422154662609,
      11110.422154662609,
      11110.422154662609,
      11110.422154662609,
      11110.422154662609,
      11110.422154662609,
      11110.422154662609,
      11110.422154662609,
      11110.422154662609,
      11110.422154662609,
      11110.422154662609,
      11110.422154662609,
      11110.422154662609,
      11110.422154662609,
      11110.422154662609,
      11110.422154662609,
      11110.422154662609,
      11110.422154662609,
      11110.422154662609,
      11110.422154662609,
      11110.422154662609,
      11110.422154662609,
      11110.422154662609,
      11110.422154662609,
      11110.422154662609,
      11110.422154662609,
      11110.422154662609,
      11110.422154662609,
      11110.422154662609,
      11110.422154662609,
      11110.422154662609,
      11110.422154662609,
      11110.422154662609,
      11110.422154662609,
      11110.422154662609,
      11110.422154662609,
      11110.422154662609,
      11110.422154662609,
      11110.422154662609,
      11110.422154662609,
      11110.422154662609,
      11110.422154662609,
      11110.422154662609,
      11110.422154662609,
      11110.457632623022,
      11110.493110583435,
      11110.528588543848,
      11110.564066504261,
      11110.599544464674,
      11110.635022425087,
      11110.6705003855,
      11110.705978345914,
      11110.741456306327,
      11110.77693426674,
      11110.812412227153,
      11110.847890187566,
      11110.847890187566,
      11110.847890187566,
      11110.847890187566,
      11110.847890187566,
      11110.847890187566,
      11110.847890187566,
      11110.847890187566,
      11110.847890187566,
      11110.847890187566,
      11110.847890187566,
      11110.847890187566,
      11110.847890187566,
      11110.847890187566,
      11110.847890187566,
      11110.847890187566,
      11110.847890187566,
      11110.847890187566,
      11110.847890187566,
      11110.847890187566,
      11110.847890187566,
      11110.847890187566,
      11110.847890187566,
      11110.847890187566,
      11110.847890187566,
      11110.847890187566,
      11110.847890187566,
      11110.847890187566,
      11110.847890187566,
      11110.847890187566,
      11110.847890187566,
      11110.847890187566,
      11110.847890187566,
      11110.931680094473,
      11111.015470001379,
      11111.099259908284,
      11111.18304981519,
      11111.266839722095,
      11111.350629629002,
      11111.434419535908,
      11111.518209442815,
      11111.601999349721,
      11111.685789256626,
      11111.769579163534,
      11111.853369070439,
      11111.937158977344,
      11112.02094888425,
      11112.104738791157,
      11112.188528698061,
      11112.27231860497,
      11112.356108511874,
      11112.439898418781,
      11112.523688325688,
      11112.607478232592,
      11112.691268139499,
      11112.775058046405,
      11112.858847953312,
      11112.942637860217,
      11113.026427767121,
      11113.110217674028,
      11113.194007580934
    ],
    "y": [
      8426.580586213973,
      8426.580586213973,
      8426.580586213973,
      8426.580586213973,
      8426.580586213973,
      8426.580586213973,
      8426.580586213973,
      8426.580586213973,
      8426.580586213973,
      8426.580586213973,
      8426.580586213973,
      8426.580586213973,
      8426.580586213973,
      8426.580586213973,
      8426.580586213973,
      8426.580586213973,
      8426.580586213973,
      8426.580586213973,
      8426.580586213973,
      8426.580586213973,
      8426.580586213973,
      8426.580586213973,
      8426.580586213973,
      8426.580586213973,
      8426.580586213973,
      8426.580586213973,
      8426.580586213973,
      8426.580586213973,
      8426.580586213973,
      8426.580586213973,
      8426.580586213973,
      8426.580586213973,
      8426.580586213973,
      8426.580586213973,
      8426.580586213973,
      8426.580586213973,
      8426.580586213973,
      8426.580586213973,
      8426.580586213973,
      8426.580586213973,
      8426.580586213973,
      8426.580586213973,
      8426.580586213973,
      8426.580586213973,
      8426.67519410841,
      8426.769802002846,
      8426.864409897282,
      8426.959017791718,
      8427.053625686154,
      8427.14823358059,
      8427.242841475027,
      8427.337449369463,
      8427.432057263899,
      8427.526665158335,
      8427.621273052771,
      8427.715880947208,
      8427.715880947208,
      8427.715880947208,
      8427.715880947208,
      8427.715880947208,
      8427.715880947208,
      8427.715880947208,
      8427.715880947208,
      8427.715880947208,
      8427.715880947208,
      8427.715880947208,
      8427.715880947208,
      8427.715880947208,
      8427.715880947208,
      8427.715880947208,
      8427.715880947208,
      8427.715880947208,
      8427.715880947208,
      8427.715880947208,
      8427.715880947208,
      8427.715880947208,
      8427.715880947208,
      8427.715880947208,
      8427.715880947208,
      8427.715880947208,
      8427.715880947208,
      8427.715880947208,
      8427.715880947208,
      8427.715880947208,
      8427.715880947208,
      8427.715880947208,
      8427.715880947208,
      8427.715880947208,
      8427.657358311848,
      8427.59883567649,
      8427.54031304113,
      8427.48179040577,
      8427.423267770411,
      8427.364745135052,
      8427.306222499692,
      8427.247699864334,
      8427.189177228975,
      8427.130654593615,
      8427.072131958257,
      8427.013609322898,
      8426.955086687538,
      8426.896564052178,
      8426.838041416819,
      8426.779518781459,
      8426.720996146101,
      8426.662473510742,
      8426.603950875382,
      8426.545428240022,
      8426.486905604665,
      8426.428382969305,
      8426.369860333945,
      8426.311337698586,
      8426.252815063226,
      8426.194292427866,
      8426.135769792509,
      8426.077247157149
    ],