{
  "waypoint_0_to_1": {
    "waypoints_count": 28,
    "x": [
      11109.622964658533,
      11109.714375923297,
      11109.805787188057,
      11109.89719845282,
      11109.988609717582,
      11110.080020982345,
      11110.171432247107,
      11110.262843511868,
      11110.354254776632,
      11110.445666041394,
      11110.537077306155,
      11110.628488570917,
      11110.71989983568,
      11110.811311100444,
      11110.902722365205,
      11110.994133629967,
      11111.08554489473,
      11111.176956159492,
      11111.268367424254,
      11111.359778689017,
      11111.45118995378,
      11111.542601218542,
      11111.634012483304,
      11111.725423748067,
      11111.816835012829,
      11111.908246277591,
      11111.999657542354,
      11112.091068807116
    ],
    "y": [
      8426.733362121184,
      8426.686483431144,
      8426.6396047411,
      8426.592726051058,
      8426.545847361016,
      8426.498968670976,
      8426.452089980934,
      8426.40521129089,
      8426.35833260085,
      8426.311453910808,
      8426.264575220766,
      8426.217696530724,
      8426.170817840683,
      8426.123939150642,
      8426.0770604606,
      8426.030181770559,
      8425.983303080517,
      8425.936424390475,
      8425.889545700433,
      8425.84266701039,
      8425.795788320349,
      8425.748909630307,
      8425.702030940265,
      8425.655152250223,
      8425.608273560183,
      8425.561394870141,
      8425.5145161801,
      8425.467637490057
    ],
    "heading": [
      -0.3435636793482529,
      -0.34370170421829216,
      -0.3438397290883316,
      -0.3439777539583708,
      -0.34411577882841016,
      -0.3442538036984495,
      -0.3443918285684887,
      -0.3445298534385281,
      -0.34466787830856743,
      -0.34480590317860677,
      -0.34494392804864604,
      -0.3450819529186854,
      -0.34521997778872476,
      -0.345358002658764,
      -0.3454960275288033,
      -0.34563405239884265,
      -0.34577207726888204,
      -0.3459101021389213,
      -0.3460481270089606,
      -0.346186151879,
      -0.34632417674903926,
      -0.3464622016190787,
      -0.3466002264891178,
      -0.3467382513591572,
      -0.3468762762291966,
      -0.34701430109923587,
      -0.34715232596927514,
      -0.34729035083931453
    ]
  }
}