{
  "waypoint_0_to_1": {
    "waypoints_count": 39,
    "x": [
      11109.801445258061,
      11109.890723213926,
      11109.980001169792,
      11110.069279125655,
      11110.158557081522,
      11110.247835037388,
      11110.337112993251,
      11110.426390949116,
      11110.515668904982,
      11110.604946860847,
      11110.694224816712,
      11110.783502772578,
      11110.872780728443,
      11110.962058684308,
      11111.051336640172,
      11111.140614596037,
      11111.229892551903,
      11111.319170507766,
      11111.408448463633,
      11111.497726419497,
      11111.587004375362,
      11111.676282331227,
      11111.765560287095,
      11111.854838242958,
      11111.944116198823,
      11112.033394154689,
      11112.122672110554,
      11112.211950066418,
      11112.301228022283,
      11112.39050597815,
      11112.479783934014,
      11112.569061889879,
      11112.658339845744,
      11112.747617801608,
      11112.836895757473,
      11112.92617371334,
      11113.015451669204,
      11113.104729625069,
      11113.194007580934
    ],
    "y": [
      8427.908182182593,
      8427.859999681923,
      8427.811817181255,
      8427.763634680585,
      8427.715452179915,
      8427.667269679245,
      8427.619087178575,
      8427.570904677907,
      8427.522722177237,
      8427.474539676567,
      8427.426357175898,
      8427.378174675228,
      8427.329992174558,
      8427.281809673888,
      8427.233627173218,
      8427.185444672548,
      8427.13726217188,
      8427.089079671208,
      8427.040897170542,
      8426.992714669872,
      8426.944532169202,
      8426.896349668532,
      8426.848167167864,
      8426.799984667192,
      8426.751802166524,
      8426.703619665854,
      8426.655437165184,
      8426.607254664515,
      8426.559072163845,
      8426.510889663175,
      8426.462707162505,
      8426.414524661837,
      8426.366342161167,
      8426.318159660497,
      8426.269977159827,
      8426.221794659157,
      8426.173612158489,
      8426.125429657819,
      8426.077247157149
    ],
    "heading": [
      -0.4700252153535226,
      -0.4670974641671302,
      -0.4641697129807376,
      -0.4612419617943451,
      -0.45831421060795263,
      -0.45538645942156014,
      -0.4524587082351677,
      -0.4495309570487752,
      -0.44660320586238267,
      -0.4436754546759902,
      -0.44074770348959774,
      -0.43781995230320514,
      -0.43489220111681265,
      -0.43196444993042016,
      -0.42903669874402767,
      -0.4261089475576352,
      -0.42318119637124274,
      -0.4202534451848503,
      -0.4173256939984577,
      -0.4143979428120652,
      -0.41147019162567267,
      -0.40854244043928023,
      -0.40561468925288763,
      -0.40268693806649525,
      -0.39975918688010276,
      -0.39683143569371027,
      -0.3939036845073178,
      -0.39097593332092523,
      -0.3880481821345327,
      -0.38512043094814036,
      -0.3821926797617477,
      -0.3792649285753553,
      -0.3763371773889628,
      -0.37340942620257034,
      -0.3704816750161778,
      -0.36755392382978525,
      -0.3646261726433928,
      -0.3616984214570003,
      -0.3587706702706078
    ]
  }
}