ID,X,Y,Z,Bearing,Diameter,dx,dy
0,362797.88185612834,6363281.567887495,,,,-8426,11113.4
0,362797.88185612834,6363281.567887495,,,,-8423.9,11119
0,362797.88185612834,6363281.567887495,,,,-8421.9,11124.7
0,362797.88185612834,6363281.567887495,,,,-8419.6,11130.4