ID,X,Y,Z,Bearing,Diameter,dx,dy
0,362797.88185612834,6363281.567887495,,,,-8426.19,11113.25
1,362797.88185612834,6363281.567887495,,,,-8424.95,11116.55
2,362797.88185612834,6363281.567887495,,,,-8424.08,11118.85
3,362797.88185612834,6363281.567887495,,,,-8421.9,11124.7
4,362797.88185612834,6363281.567887495,,,,-8419.6,11130.4