ID,X,Y,Z,Bearing,Diameter,dx,dy
0,362797.88185612834,6363281.567887495,,,,-8412,11117.25
0,362797.88185612834,6363281.567887495,,,,-8407,11113.4
0,362797.88185612834,6363281.567887495,,,,-8404.5,11110.4