ID,X,Y,Z,Bearing,Diameter,dx,dy
0,362797.88185612834,6363281.567887495,,,,-8424,11116
0,362797.88185612834,6363281.567887495,,,,-8423,11125
0,362797.88185612834,6363281.567887495,,,,-8419,11131