ID,X,Y,Z,Bearing,Diameter,dx,dy
0,,,,,,-8425.8166188,11112.6543945
1,,,,,,-8423.7289180,11118.2711423
2,,,,,,-8421.6293278,11123.9191764
