{
    "name": "oak1",
    "port": 50010,
    "host": "localhost",
    "log_level": "INFO",
  
    "camera_driver": {
      "calibration": {
        "camera_data": [
          {
            "width": 3840,
            "height": 2160,
            "spec_hfov_deg": 108,
            "intrinsic_matrix": [
              2288.65478515625, 0,               1929.0537109375,
              0,                2287.686767578125, 1108.366943359375,
              0,                0,               1
            ],
            "distortion_coeff": [
              12.435476303100586,
              5.8116207122802734,
              -4.042598447995261e-05,
              0.00031357372063212097,
              -2.8138306140899658,
              12.412537574768066,
              9.5127716064453125,
              -3.3079144954681396,
              0, 0, 0, 0,
              -0.00067904352908954024,
              -2.6881558369495903e-05
            ],
            "extrinsics": {
              "rotation_matrix": [
                0, 0, 0,
                0, 0, 0,
                0, 0, 0
              ],
              "translation": {
                "x": 0,
                "y": 0,
                "z": 0
              }
            }
          }
        ]
      }
    }
  }
  