{
    "name": "oak0",
    "port": 50010,
    "host": "localhost",
    "log_level": "INFO",
  
    "camera_driver": {
      "calibration": {
        "camera_data": [
          {
            "camera_number": 2,
            "width": 1280,
            "height": 800,
            "spec_hfov_deg": 127,
            "intrinsic_matrix": [
              572.68359375, 0,            612.282470703125,
              0,            572.59674072265625, 404.2640380859375,
              0,            0,            1
            ],
            "distortion_coeff": [
              6.7844338417053223,
              2.2359261512756348,
              3.6491203445621072e-06,
              -3.4376098483335227e-05,
              0.043191343545913696,
              7.1624202728271484,
              4.3493614196777344,
              0.330371618270874,
              0, 0, 0, 0,
              0.0010620061075314879,
              -0.0012028136989101768
            ],
            "extrinsics": {
              "rotation_matrix": [
                0.999863862991333,   -0.011539092287421228,  0.01179251354187727,
                0.01153259165585041,  0.99993330240249645,   0.00061908218776807189,
               -0.011798870749771597, -0.00048299966147169471, 0.99993026256561279
              ],
              "translation": {
                "x": 3.75322461,
                "y": -0.0189914219,
                "z": -0.0177513473
              }
            }
          },
          {
            "camera_number": 1,
            "width": 1280,
            "height": 800,
            "spec_hfov_deg": 127,
            "intrinsic_matrix": [
              565.1650390625, 0,            627.51861572265625,
              0,              565.1552734375, 404.5594482421875,
              0,              0,              1
            ],
            "distortion_coeff": [
              0.33324304223060608,
              -0.042465042322874069,
              1.9058501493418589e-05,
              1.4955296137486584e-05,
              -0.0015403326833620667,
              0.665551483631134,
              -0.015720749273896217,
              -0.0096774268895387632,
              0, 0, 0, 0,
              -0.0022308630868792534,
              -0.0034254931379109621
            ],
            "extrinsics": {
              "rotation_matrix": [
                0.99983316659927357,  0.0099760955199599283, -0.015301370061933994,
               -0.010072408244013786, 0.99992984533309937,   -0.00623031472787261,
                0.015238142572343349,  0.0063833971507847309,  0.99986350536346436
              ],
              "translation": {
                "x": -7.52343273,
                "y": 0.108406521,
                "z": -0.0985668
              }
            }
          }
        ]
      }
    }
  }
  
  